{
    "adobe": {
        "logoUrl": "images/places/logo-adobe.png",
        "faIcon": "fa fa-house-laptop",
        "locales": {
            "en": {"name": "Adobe Inc."}
        }
    },

    "apple": {
        "logoUrl": "images/places/logo-apple.png",
        "faIcon": "fab fa-apple",
        "locales": {
            "en": {"name": "Apple Inc."}
        }
    },

    "coursera": {
        "logoUrl": "images/places/logo-coursera.png",
        "faIcon": "fa fa-house-laptop",
        "locales": {
            "en": {"name": "Coursera"}
        }
    },

    "forbes": {
        "logoUrl": null,
        "faIcon": "fa-solid fa-newspaper",
        "locales": {
            "en": {"name": "Forbes"}
        }
    },

    "google": {
        "logoUrl": null,
        "faIcon": "fab fa-google",
        "locales": {
            "en": {"name": "Google"}
        }
    },

    "Korea Polytechnics": {
        "logoUrl": "images/places/polytechnics.jpg",
        "faIcon": "fas fa-university",
        "locales": {
            "en": {"name": "Korea Polytechnics"},
            "ko": {"name": "한국 폴리텍대학"}
        }
    },

    "Korea National Open University": {
        "logoUrl": "images/places/korea-open-university.jpg",
        "faIcon": "fa fa-house-laptop",
        "locales": {
            "en": {"name": "Korea National Open University"},
            "ko": {"name": "한국 방송통신대학"}
        }
    },

    "uxStudio": {
        "logoUrl": "images/places/logo-ux-studio.png",
        "faIcon": "fas fa-paint-brush",
        "locales": {
            "en": {"name": "UX Masters Studio"}
        }
    },

    "python": {
        "logoUrl": "images/places/logo-python.png",
        "faIcon": "fas fa-python",
        "locales": {
            "en": {"name": "Python"}
        }
    },

    "oracle": {
        "logoUrl": "images/places/oracle.png",
        "faIcon": "fas fa-oracle",
        "locales": {
            "en": {"name": "Oracle Database"}
        }
    },

    "kafka": {
        "logoUrl": "images/places/logo-kafka.jpg",
        "faIcon": "fas fa-kafka",
        "locales": {
            "en": {"name": "Kafka Server"}
        }
    }
}
