{
    "locales": {
        "en": {
            "title": "Career <span class='text-primary'>Achievements</span>",
            "description": null
        },

        "ko": {
            "title": "Career <span class='text-primary'>Achievements</span>",
            "description": null
        }

    },

    "subcategories": [
        {
            "id": "Career",
            "faIcon": "fa-solid fa-trophy",
            "locales": {
                "en": {"title": "Career", "buttonLabel": "More Info"},
                "es": {"title": "커리어", "buttonLabel": null }
            }
        },

        {
            "id": "certifications",
            "faIcon": "fa-solid fa-award",
            "locales": {
                "en": {"title": "Certifications", "buttonLabel": "View Certification"},
                "es": {"title": "Certificaciones", "buttonLabel": "Ver Certificación"},
                "fr": {"title": "Certifications", "buttonLabel": "Voir la Certification"},
                "zh": {"title": "获得的证书", "buttonLabel": "查看证书"}
            }
        }
    ],

    "items": {
        "awards": [
            {
                "id": "graduation_project",
                "place": "@link{places.harvard}",
                "date": "2018/08",
                "href": null,
                "locales": {
                    "en": {
                        "title": "Best Graduation Project",
                        "description": "Outstanding work on graduation project; recognized for innovation and impact."
                    },

                    "ko": {
                        "title": "Mejor Proyecto de Graduación",
                        "description": "Trabajo destacado en proyecto de graduación; reconocido por innovación e impacto."
                    }

                }
            }

        ],

        "certifications": [

            {
                "id": "computer application",
                "place": "@link{places.google}",
                "date": "2016/05",
                "href": "https://google.com",
                "locales": {
                    "en": {
                        "title": "Computer Specialist in Spreadsheet & Database Level-2",
                        "description": "documentation ability, spreadsheet and database utilization ability"
                    },

                    "ko": {
                        "title": "컴퓨터활용능력 2급",
                        "description": "사무자동화의 필수 프로그램인 스프레드시트 및 데이터베이스 활용능력을 평가하는 국가기술자격"
                    }

                }
            }
        ]
    }
}