{
    "locales": {
        "en": {
            "welcome": "Welcome to my <span class='text-primary'>Resume!</span>",
            "welcomeShort": "Welcome!",
            "bio": "My passion for empathetic web development drives me to create delightful and innovative digital experiences. Let's collaborate and craft something extraordinary together."
        },

        "ko": {
            "welcome": "Welcome to my <span class='text-primary'>Resume!</span>",
            "welcomeShort": "Welcome!",
            "bio": "웹개발에 대한 열정은 즐겁고 혁신적인 디지털 경험을 만들 수 있도록 합니다. 함께 협력하여 특별한 것을 만들어 봅시다."
        }

    },

    "items": {
        "socialCircles": [
            "@link{profile.contact.instagram}",
            "@link{profile.contact.facebook}",
            "@link{profile.contact.linkedin}",
            "@link{profile.contact.github}"
        ],

        "contactListItems": [
            "@link{profile.contact.address}",
            "@link{profile.contact.email}",
            "@link{profile.contact.phone}"
        ]
    }
}