{
    "locales": {
        "en": {
            "title": "<span class='text-primary'>Educational</span> Background",
            "description": "A glimpse into my academic trajectory and accomplishments."
        },

        "ko": {
            "title": "<span class='text-primary'>Educational</span> Background",
            "description": "교육 및 학력 사항"
        }

    },

    "items": [
        {
            "id": "Korea Polytechnics",
            "place": "@link{places.Korea Polytechnics}",
            "period": ["2024/03", "2024/12"],

            "locales": {
                "en": {
                    "title": "Smart Finance Course",
                    "description": "Development of hands-on developers in the fintech industry that combines finance and software technology"
                },

                "ko": {
                    "title": "스마트금융과",
                    "description": "금융과 소프트웨어 기술을 융합한 핀테크 산업 분야의 실무형 개발자 양성"
                }

            }
        },

        {
            "id": "Korea National Open University",
            "place": "@link{places.Korea National Open University}",
            "period": ["2019/03", "2021/02"],

            "locales": {
                "en": {
                    "title": "Bachelor's in Business Administration and Japanese Double Major",
                    "description": null
                },

                "ko": {
                    "title": "학사학위: 경영학과 일본어 복수 전공",
                    "description": null
                }

            }
        }
    ]
}