{
    "locales": {
        "en": {
            "title": "<span class='text-primary'>MY</span> Portfolio",
            "description": "A look into my work experience and career journey."
        },

        "ko": {
            "title": "<span class='text-primary'>MY</span> Portfolio",
            "description": "A look into my work experience and career journey."
        }

    },

    "items": [
        {
            "id": "experience_item_1",
            "place": "@link{places.oracle}",
            "period": ["2024/04", "2024/05"],
            "locales": {
                "en": {
                    "title": "ETL Program",
                    "description": "Save csv files to Oracle database via ETL",
                    "tags": ["Python", "Oracle", "Prototyping", "Database"]
                },
                "ko": {
                    "title": "ETL 프로그램",
                    "description": "ETL을 통해 csv파일을 Oracle 데이터베이스에 저장",
                    "tags": ["Python", "Oracle", "Prototyping", "Database"]
                }
            }
        },

        {
            "id": "experience_item_2",
            "place": "@link{places.python}",
            "period": ["2024/05", "2024/06"],
            "locales": {
                "en": {
                    "title": "Machine Learning Program",
                    "description": "Data preprocessing, Correlation Analysis of Interest Rates and Real Estate Prices (Pearson), Machine Learning Training and Predictive Validation",
                    "tags": ["Python", "Machine Learning", "Decision tree", "RandomForest"]
                },
                "ko": {
                    "title": "머신러닝 프로그램",
                    "description": "한국부동산원에서 금융데이터 수집 및 가공, 금리와 부동산 가격의 상관관계 분석, 머신러닝을 통한 훈련 및 예측 검증",
                    "tags": ["Python", "Machine Learning", "Decision tree", "RandomForest"]
                }
            }
        },

        {
            "id": "experience_item_3",
            "place": "@link{places.kafka}",
            "period": ["2024/05", "2024/06"],
            "locales": {
                "en": {
                    "title": "Building Kafka Infrastructure",
                    "description": "Installing a Kafka server and configuring a cluster, managing it through a primary keeper",
                    "tags": ["Linux", "Kafka", "CentOs", "Network", "Cross-Functional Collaboration"]
                },
                "ko": {
                    "title": "카프카 인프라 구축",
                    "description": "카프카 서버 설치 및 클러스터 구성, 주키퍼 통해서 관리하기",
                    "tags": ["Linux", "Kafka", "CentOs", "Netwokr", "Cross-Functional Collaboration"]
                }
            }
        }
    ]
}