{
    "locales": { 
    },

    "subcategories": [
        
    ],

    "items": [
        {
            "id": "experience_item_4",
            "place": "@link{places.oracle}",
            "period": ["2024/06", "2024/07"],
            "locales": {
                "en": {
                    "title": "ETL Program",
                    "description": "Save csv files to Oracle database via ETL",
                    "tags": ["Python", "Oracle", "Prototyping", "Database"]
                },
                "ko": {
                    "title": "ETL 프로그램",
                    "description": "ETL을 통해 csv파일을 Oracle 데이터베이스에 저장",
                    "tags": ["Python", "Oracle", "Prototyping", "Database"]
                }
            }
        }
    ]
       
}