{
    "locales": {
        "en": {
            "title": "<span class='text-primary'>Skill</span> Set",
            "description": "Exploring the diverse range of skills I've acquired and developed:"
        },
        "ko": {
            "title": "<span class='text-primary'>Skill</span> Set",
            "description": "Exploring the diverse range of skills I've acquired and developed:"
        }
    },

    "subcategories": [
        {
            "id": "abilities",
            "type": "grid",
            "progress": null,
            "faIcon": "fa-solid fa-square",
            "locales": {
                "en": {"title": null}
            }
        },

        {
            "id": "programming",
            "type": "grid",
            "progress": "number",
            "faIcon": "fa fa-code",
            "locales": {
                "en": {"title": "Programming"},
                "ko": {"title": "프로그래밍"}
            }
        },

        {
            "id": "languages",
            "type": "list",
            "progress": {"0": "beginner", "20": "rookie", "40": "intermediate", "60": "advanced", "80": "fluent", "100": "native"},
            "faIcon": "fa fa-language",
            "locales": {
                "en": {"title": "Languages"},
                "ko": {"title": "언어능력"}
            }
        },

        {
            "id": "extra",
            "type": "grid",
            "progress": null,
            "faIcon": "fa fa-marker",
            "locales": {
                "en": {"title": "Bonus Skills"},
                "ko": {"title": "Bonus Skills"}
            }
        }
    ],

    "items": {
        "abilities": [
            {
                "imageIconUrl": null,
                "faIcon": "fas fa-mobile-alt",
                "value": null,
                "locales": {
                    "en": {
                        "title": "Responsive Layouts",
                        "description": "Proficient in crafting adaptable layouts for diverse devices, ensuring optimal user experience."
                    },
                    "ko": {
                        "title": "반응형 레이아웃",
                        "description": "다양한 디바이스를 위한 적응 가능한 레이아웃을 제작하는데 능숙하여 최적의 사용자 경험을 보장합니다."
                    }
                }
            },

            {
                "imageIconUrl": null,
                "faIcon": "fas fa-paint-roller",
                "value": null,
                "locales": {
                    "en": {
                        "title": "Design Principles",
                        "description": "Masterful at creating captivating designs, blending color theory, typography, layout, and balance for effective messaging."
                    },
                    "ko": {
                        "title": "설계 원리",
                        "description": "매력적인 디자인을 만들고, 색채 이론, 타이포그래피, 레이아웃 및 효과적인 메시징을 위한 균형을 맞추는 데 능숙합니다."
                    }
                }
            },

            {
                "imageIconUrl": null,
                "faIcon": "fas fa-vector-square",
                "value": null,
                "locales": {
                    "en": {
                        "title": "Wireframing",
                        "description": "Skilled in creating detailed wireframes to visualize and plan user interfaces, effectively laying the foundation for intuitive design."
                    },
                    "ko": {
                        "title": "와이어프레임",
                        "description": "사용자 인터페이스를 시각화하고 계획하는 상세한 와이어프레임을 만드는 데 능숙하여 직관적인 디자인의 기반을 효과적으로 마련합니다."
                    }
                }
            },

            {
                "imageIconUrl": null,
                "faIcon": "fas fa-check-double",
                "value": null,
                "locales": {
                    "en": {
                        "title": "Usability Testing",
                        "description": "Enhancing user experiences through comprehensive usability testing."
                    },
                    "ko": {
                        "title": "사용성 테스트",
                        "description": "포괄적인 사용성 테스트를 통해 사용자 경험을 향상시킵니다."
                    }
                }
            },

            {
                "imageIconUrl": null,
                "faIcon": "fas fa-expand-arrows-alt",
                "value": null,
                "locales": {
                    "en": {
                        "title": "Interaction Design",
                        "description": "Proficient in creating intuitive and seamless interactions for user-friendly experiences, harmonizing aesthetics and usability."
                    },
                    "ko": {
                        "title": "인터랙션 디자인",
                        "description": "사용자 친화적인 경험을 위한 직관적이고 원활한 상호 작용을 생성하고 미학과 사용성을 조화시키는 데 능숙합니다."
                    }
                }
            },

            {
                "imageIconUrl": null,
                "faIcon": "fas fa-laptop-code",
                "value": null,
                "locales": {
                    "en": {
                        "title": "Prototyping",
                        "description": "Skilled in translating concepts into interactive prototypes for testing and refinement."
                    },
                    "ko": {
                        "title": "프로토타입",
                        "description": "테스트 및 개선을 위해 개념을 대화형 프로토타입으로 변환하는 데 능숙합니다."
                    }
                }
            }
        ],

        "programming": [
            {
                "imageIconUrl": null,
                "faIcon": "fab fa-html5",
                "value": 85,
                "locales": {
                    "en": {"title": "HTML 5", "description": "Experience Time: 1 years"},
                    "ko": {"title": "HTML 5", "description": "Experience Time: 1 years"}
                }
            },

            {
                "imageIconUrl": null,
                "faIcon": "fab fa-css3-alt",
                "value": 70,
                "locales": {
                    "en": {"title": "CSS 3", "description": "Experience Time: 1 years"},
                    "ko": {"title": "CSS 3", "description": "Experience Time: 1 years"}
                }
            },

            {
                "imageIconUrl": null,
                "faIcon": null,
                "value": 75,
                "locales": {
                    "en": {"title": "Java", "description": "Experience Time: 1 years"},
                    "ko": {"title": "Java", "description": "Experience Time: 1 years"}
                }
            },

            {
                "imageIconUrl": null,
                "faIcon": "fab fa-js-square",
                "value": 85,
                "locales": {
                    "en": {"title": "JavaScript", "description": "Experience Time: 1 years"},
                    "ko": {"title": "JavaScript", "description": "Experience Time: 1 years"}
                }
            },

            {
                "imageIconUrl": null,
                "faIcon": "fab fa-vuejs",
                "value": 100,
                "locales": {
                    "en": {"title": "Vue 3", "description": "Experience Time: 1 years"},
                    "ko": {"title": "Vue 3", "description": "Experience Time: 1 years"}
                }
            },

            {
                "imageIconUrl": null,
                "faIcon": null,
                "value": 75,
                "locales": {
                    "en": {"title": "Python", "description": "Experience time: 1 year"},
                    "ko": {"title": "Python", "description": "Experience time: 1 year"}
                }
            }
        ],

        "languages": [
            {
                "imageIconUrl": "images/flags/en.png",
                "faIcon": null,
                "value": 30,
                "locales": {
                    "en": {"title": "English", "description": "Basic understanding of English, learning and improving."},
                    "ko": {"title": "영어", "description": "초급 수준의 의사소통과 문서작성 가능"}
                }
            },

            {
                "imageIconUrl": "images/flags/ko.png",
                "faIcon": null,
                "value": 100,
                "locales": {
                    "en": {"title": "Korean", "description": "Native speaker with excellent communication and writing skills."},
                    "ko": {"title": "한국어", "description": "원어민"}
                }
            }

        ],

        "extra": [
            {
                "imageIconUrl": null,
                "faIcon": null,
                "value": null,
                "locales": {
                    "en": {"title": "User Interface (UI) Design", "description": "Able to design intuitive and visually appealing user interfaces for seamless user interactions."},
                    "ko": {"title": "유저인터페이스", "description": "원활한 사용자 상호 작용을 위해 직관적이고 시각적으로 매력적인 사용자 인터페이스를 설계할 수 있습니다."}
                }
            },
            {
                "imageIconUrl": null,
                "faIcon": null,
                "value": null,
                "locales": {
                    "en": {"title": "Front-End Development", "description": "Able to code in VueJS and TypeScript."},
                    "ko": {"title": "프론트엔드 개발", "description": "VueJs 활용 웹페이지 개발"}
                }
            },
            {
                "imageIconUrl": null,
                "faIcon": null,
                "value": null,
                "locales": {
                    "en": {"title": "Information Visualization", "description": "Able to transform complex data into clear visuals."},
                    "ko": {"title": "정보 시각화", "description": "복잡한 데이터를 명확한 시각적 정보로 변환할 수 있습니다."}
                }
            },
            {
                "imageIconUrl": null,
                "faIcon": null,
                "value": null,
                "locales": {
                    "en": {"title": "Accessibility and Inclusive Design", "description": "Able to create digital experiences that are accessible to all."},
                    "ko": {"title": "접근성 및 포용적 디자인", "description": "누구나 액세스할 수 있는 디지털 경험을 만들 수 있습니다."}
                }
            },
            {
                "imageIconUrl": null,
                "faIcon": null,
                "value": null,
                "locales": {
                    "en": {"title": "User-Centric Data Analysis", "description": "Proficient in analyzing data with a focus on the needs and preferences of users, enabling data-driven decisions that align with user expectations."},
                    "ko": {"title": "사용자 중심 데이터 분석", "description": "사용자의 요구와 선호도에 초점을 맞춘 데이터 분석에 능숙하여 사용자의 기대에 부합하는 데이터 기반 의사 결정을 가능하게 합니다."}
                }
            },
            {
                "imageIconUrl": null,
                "faIcon": null,
                "value": null,
                "locales": {
                    "en": {"title": "Mobile App User Experience", "description": "Skilled in crafting user-centered experiences within mobile applications, ensuring smooth and intuitive interactions."},
                    "ko": {"title": "모바일 앱 사용자 경험", "description": "모바일 애플리케이션 내에서 사용자 중심의 경험을 만들어 부드럽고 직관적인 상호 작용을 보장하는 데 능숙합니다."}
                }
            }
        ]

    }
}