{
    "locales": {
        "en": {
            "about": "About",
            "aboutProject": "About Project",
            "achievements": "Achievements",
            "address": "Address",
            "advanced": "Advanced",
            "all": "All",
            "background": "Background",
            "beginner": "Beginner",
            "changingLanguage": "Changing Language",
            "contact": "Contact",
            "education": "Education",
            "email": "E-mail",
            "experience": "Experience",
            "facebook": "Facebook",
            "fluent": "Fluent",
            "github": "Github",
            "hobbies": "Hobbies",
            "home": "Home",
            "instagram": "Instagram",
            "intermediate": "Intermediate",
            "linkedin": "Linkedin",
            "loading": "Loading",
            "message": "Message",
            "messageSent": "The message has been sent. Thanks for reaching out!",
            "messageError": "There was an error sending the message. Please try again!",
            "more": "More",
            "name": "Name",
            "native": "Native",
            "phone": "Phone",
            "portfolio": "Portfolio",
            "rookie": "Rookie",
            "sendMessage": "Send Message",
            "sendingMessage": "Sending",
            "showcase": "Showcase",
            "skills": "Skills",
            "subject": "Subject",
            "tags": "Tags",
            "whereToFind": "Where to Find",
            "whereToFindDescription": "${project} is available on the following platforms and services:"
        },

        "ko": {
            "about": "About",
            "aboutProject": "프로젝트",
            "achievements": "성취",
            "address": "주소",
            "advanced": "Advanced",
            "all": "모든",
            "background": "배경",
            "beginner": "초급",
            "changingLanguage": "Cambiando Idioma",
            "contact": "연락처",
            "education": "교육 사항",
            "email": "E-mail",
            "experience": "경험 사항",
            "facebook": "Facebook",
            "fluent": "Fluido",
            "github": "Github",
            "hobbies": "취미",
            "home": "Inicio",
            "instagram": "Instagram",
            "intermediate": "Intermedio",
            "linkedin": "Linkedin",
            "loading": "Cargando",
            "message": "메시지",
            "messageSent": "The message has been sent. Thanks for reaching out!",
            "messageError": "There was an error sending the message. Please try again!",
            "name": "이름",
            "native": "원어민",
            "phone": "전화",
            "portfolio": "포트폴리오",
            "rookie": "초급",
            "sendMessage": "메시지 전송",
            "sendingMessage": "전송중",
            "showcase": "Vitrina",
            "skills": "기술 능력",
            "subject": "Subject",
            "tags": "Tags",
            "whereToFind": "Where to Find",
            "whereToFindDescription": "${project} está disponible en las siguientes plataformas y servicios:"
        }

        
    }
}
